tenant_id,tenant_name,industry,scale_label,location,plan,monthly_revenue,monthly_cost,team_size,created_at,source_poc
zq-0d7e50cb,江西连锁餐饮集团,catering,2112万,江西省南昌市/赣州市（6家门店）,pro,143.41,127.75,120,2026-05-21T19:17:43.399690+00:00,catering_poc_001
zq-eec715cb,县城单店餐饮,catering,219万,江西省抚州市资溪县,starter,18.48,16.27,8,2026-04-27T06:36:02.725053+00:00,catering_poc_002
zq-3011bde0,抚州中大型餐饮,catering,969万,江西省抚州市临川区,starter,71.42,62.08,45,2026-07-11T14:09:35.440583+00:00,catering_poc_003
zq-2dba6be6,南昌大型连锁餐饮集团,catering,4053万,江西省南昌市（12家门店）,pro,383.47,366.34,280,2026-07-18T17:10:19.906341+00:00,catering_poc_004
zq-4ffb5b36,县城单店餐饮小店,catering,89万,江西省赣州市寻乌县,starter,8.45,7.93,4,2026-04-12T19:05:58.710513+00:00,catering_poc_005
zq-4d4d9329,抚州中型餐饮连锁,catering,561万,江西省抚州市南丰县/广昌县（3家门店）,starter,45.96,33.92,28,2026-05-09T14:41:47.181073+00:00,catering_poc_006
zq-3ec895bc,抚州中大型装企,decoration,3549万,江西省抚州市临川区,pro,241.95,158.84,25,2026-04-29T00:50:23.092514+00:00,decoration_poc_001
zq-3b6d0e1a,南昌连锁装企,decoration,9112万,江西省南昌市（3家分公司）,enterprise,707.89,588.9,68,2026-08-20T23:27:58.746662+00:00,decoration_poc_002
zq-7d96efe5,县城小型装企,decoration,507万,江西省宜春市奉新县,starter,50.0,34.39,8,2026-07-19T23:50:25.897561+00:00,decoration_poc_003
zq-0f48defb,抚州小型精品装企,decoration,1698万,江西省抚州市南丰县,pro,133.31,109.4,12,2026-07-24T13:11:10.563033+00:00,decoration_poc_004
zq-920ccc34,赣州中型全案装企,decoration,4327万,江西省赣州市章贡区,pro,288.39,241.74,38,2026-06-02T17:10:51.609940+00:00,decoration_poc_005
zq-a3066e48,九江小型装企,decoration,166万,江西省九江市浔阳区,starter,15.84,12.39,5,2026-05-31T15:52:15.475568+00:00,decoration_poc_006
zq-a2bcf694,中型教培机构,education,1054万,江西省南昌市青山湖区,pro,81.15,63.67,22,2026-05-19T08:05:43.342558+00:00,education_poc_001
zq-0107d3c2,江西连锁教培集团,education,2720万,江西省南昌市/宜春市/赣州市（8家校区）,pro,294.46,215.36,85,2026-07-30T06:28:15.400133+00:00,education_poc_002
zq-4809a6d0,县城小型教培机构,education,261万,江西省抚州市黎川县,starter,27.63,18.14,8,2026-06-18T22:16:21.030215+00:00,education_poc_003
zq-05d7ad92,抚州大型教培集团,education,5979万,江西省抚州市（4家校区）,enterprise,447.86,344.83,95,2026-08-12T20:33:30.831395+00:00,education_poc_004
zq-83b39350,南昌小型素质教培,education,569万,江西省南昌市西湖区,starter,47.11,30.7,12,2026-04-17T09:41:52.993196+00:00,education_poc_005
zq-c261a56f,县城小型教培工作室,education,185万,江西省赣州市安远县,starter,16.04,12.93,4,2026-09-28T08:23:41.877339+00:00,education_poc_006
zq-6d16295d,抚州中大型医美机构,medical_beauty,5753万,江西省抚州市临川区,enterprise,400.38,345.41,45,2026-06-21T20:09:17.325295+00:00,medical_poc_001
zq-7e53abb5,南昌轻医美连锁,medical_beauty,1749万,江西省南昌市红谷滩区,pro,126.32,89.56,18,2026-05-26T00:27:20.999657+00:00,medical_poc_002
zq-e186aaff,南昌中大型整形机构,medical_beauty,3074万,江西省南昌市东湖区,pro,235.49,205.65,32,2026-09-20T05:37:11.485786+00:00,medical_poc_003
zq-91bebad4,赣州医美连锁集团,medical_beauty,7678万,江西省赣州市（3家门店）,enterprise,618.15,635.54,75,2026-07-12T08:10:42.919256+00:00,medical_poc_004
zq-812bfa0e,抚州小型医疗美容,medical_beauty,669万,江西省抚州市南城县,starter,58.05,46.2,10,2026-08-02T13:35:30.840566+00:00,medical_poc_005
zq-926894a0,县城医疗美容诊所,medical_beauty,223万,江西省上饶市广丰区,starter,16.96,12.21,4,2026-06-19T07:37:13.143750+00:00,medical_poc_006
zq-c6fd466b,江西大型零售连锁,retail,5992万,江西省南昌市/赣州市/宜春市（15家门店）,enterprise,431.67,404.56,220,2026-09-13T13:35:35.929151+00:00,retail_poc_001
zq-c16c8ce8,县城单店零售,retail,241万,江西省抚州市金溪县,starter,27.56,21.77,6,2026-07-17T06:44:12.578518+00:00,retail_poc_002
zq-74655330,抚州中型零售,retail,1360万,江西省抚州市临川区,pro,134.29,88.9,28,2026-06-28T21:12:39.178406+00:00,retail_poc_003
zq-f4de3252,南昌零售连锁集团,retail,2944万,江西省南昌市（8家门店）,pro,295.96,237.09,95,2026-05-29T00:51:56.517281+00:00,retail_poc_004
zq-80db9547,县城单店零售小店,retail,100万,江西省赣州市兴国县,starter,7.3,8.19,3,2026-09-15T07:39:54.798101+00:00,retail_poc_005
zq-81ae41c9,抚州小型零售店,retail,460万,江西省抚州市黎川县,starter,45.09,37.21,10,2026-05-09T03:17:26.304484+00:00,retail_poc_006
zq-e7e52281,江西连锁餐饮集团-01,catering,2210万,江西省南昌市/赣州市（6家门店）,pro,173.48,151.54,120,2026-07-16T02:09:10.309979+00:00,catering_poc_001
zq-7f66180e,县城单店餐饮-01,catering,160万,江西省抚州市资溪县,starter,16.38,12.0,8,2026-09-25T20:43:51.680147+00:00,catering_poc_002
zq-1e59f8df,抚州中大型餐饮-01,catering,1151万,江西省抚州市临川区,pro,94.71,64.16,45,2026-04-22T01:15:42.189318+00:00,catering_poc_003
zq-252ab4eb,南昌大型连锁餐饮集团-01,catering,5756万,江西省南昌市（12家门店）,enterprise,492.66,299.19,280,2026-07-08T02:30:13.685500+00:00,catering_poc_004
zq-28d3523d,县城单店餐饮小店-01,catering,83万,江西省赣州市寻乌县,starter,8.93,7.83,4,2026-05-04T17:40:34.055900+00:00,catering_poc_005
zq-6d4bbcc3,抚州中型餐饮连锁-01,catering,495万,江西省抚州市南丰县/广昌县（3家门店）,starter,43.78,33.0,28,2026-09-15T15:56:08.654958+00:00,catering_poc_006
zq-af0a7555,抚州中大型装企-01,decoration,2908万,江西省抚州市临川区,pro,231.03,186.98,25,2026-08-21T00:19:37.986487+00:00,decoration_poc_001
zq-21c19be0,南昌连锁装企-01,decoration,7044万,江西省南昌市（3家分公司）,enterprise,639.72,623.12,68,2026-08-06T14:29:53.552409+00:00,decoration_poc_002
zq-b007c0dc,县城小型装企-01,decoration,488万,江西省宜春市奉新县,starter,43.31,31.23,8,2026-05-22T01:43:02.985515+00:00,decoration_poc_003
zq-515d1a8f,抚州小型精品装企-01,decoration,1403万,江西省抚州市南丰县,pro,131.99,88.4,12,2026-05-21T06:21:50.762991+00:00,decoration_poc_004
zq-aeff9b5a,赣州中型全案装企-01,decoration,3314万,江西省赣州市章贡区,pro,356.61,241.83,38,2026-09-21T14:26:22.042271+00:00,decoration_poc_005
zq-78332825,九江小型装企-01,decoration,229万,江西省九江市浔阳区,starter,14.87,13.07,5,2026-08-10T01:00:32.408064+00:00,decoration_poc_006
zq-9d995bc4,中型教培机构-01,education,886万,江西省南昌市青山湖区,starter,74.39,76.53,22,2026-07-23T09:55:52.187395+00:00,education_poc_001
zq-f7378b60,江西连锁教培集团-01,education,2967万,江西省南昌市/宜春市/赣州市（8家校区）,pro,281.15,226.52,85,2026-05-15T21:35:44.988156+00:00,education_poc_002
zq-5fcec48c,县城小型教培机构-01,education,252万,江西省抚州市黎川县,starter,25.02,19.97,8,2026-07-04T16:34:17.637306+00:00,education_poc_003
zq-3198b2a0,抚州大型教培集团-01,education,5458万,江西省抚州市（4家校区）,enterprise,452.73,394.17,95,2026-04-29T08:11:24.732155+00:00,education_poc_004
zq-1035aa79,南昌小型素质教培-01,education,481万,江西省南昌市西湖区,starter,40.69,38.0,12,2026-05-26T09:13:13.305128+00:00,education_poc_005
zq-7ad2b327,县城小型教培工作室-01,education,175万,江西省赣州市安远县,starter,17.12,13.97,4,2026-05-31T18:20:24.089860+00:00,education_poc_006
zq-2ba18a5a,抚州中大型医美机构-01,medical_beauty,4500万,江西省抚州市临川区,pro,489.2,321.63,45,2026-09-13T16:03:11.277256+00:00,medical_poc_001
zq-b48fac53,南昌轻医美连锁-01,medical_beauty,1530万,江西省南昌市红谷滩区,pro,108.46,113.98,18,2026-09-09T02:39:51.003163+00:00,medical_poc_002
